2,Gabriel,White,gabriel.white@support.com,456-789-0123
4,Emily,Chen,emily.chen@support.com,555-123-4567
6,Michael,Kim,michael.kim@support.com,987-654-3210
8,Sophia,Patel,sophia.patel@support.com,111-222-3333
10,William,Lee,william.lee@support.com,444-555-6666
12,Olivia,Martin,olivia.martin@support.com,777-888-9999
14,James,Davis,james.davis@support.com,999-000-1111
16,Ava,Hall,ava.hall@support.com,123-456-7890
18,Benjamin,Walker,benjamin.walker@support.com,234-567-8901
20,Isabella,Young,isabella.young@support.com,345-678-9012
22,Alexander,Allen,alexander.allen@support.com,456-789-0123
24,Mia,Scott,mia.scott@support.com,567-890-1234
26,Ethan,Mitchell,ethan.mitchell@support.com,678-901-2345
28,Charlotte,Russell,charlotte.russell@support.com,789-012-3456
30,Lucas,Wright,lucas.wright@support.com,890-123-4567
32,Abigail,Jenkins,abigail.jenkins@support.com,901-234-5678
34,Mason,Garcia,mason.garcia@support.com,012-345-6789
36,Harper,Martinez,harper.martinez@support.com,123-456-7890
38,Logan,Robinson,logan.robinson@support.com,234-567-8901
40,Evelyn,Thompson,evelyn.thompson@support.com,345-678-9012